{"freq_channel_params": [[7, 2.8, 3.5,1], [9, 3.6, 4.6,1], [11, 4.5, 5.6,1], [13, 5.4, 6.8,1], [15, 6.3, 7.9,1], [17, 7.3, 9.1,1], [19, 8.2, 10.3,1], [21, 9.2, 11.5,1], [23, 10.2, 12.7,1], [25, 11.3, 14.1,1], [27, 12.3, 15.4,1], [29, 13.4, 16.8,1], [31, 14.6, 18.2,1], [33, 15.8, 19.7,1], [35, 17.0, 21.2,1], [37, 18.2, 22.8,1], [39, 19.5, 24.4,1]], "input_shape": [256, 256], "orientations": [0.0, 0.78539816339744828, 1.5707963267948966, 2.3561944901923448]}